Metric,Value
MAE,2.166299389119157
MSE,4.849769250498748
RMSE,2.202219164955829
R2 Score,-0.6787662790187974
