Actual,Predicted,Error
18,17.024621555198383,0.975378444801617
9,9.370165155037103,-0.37016515503710323
22,19.515618260048974,2.4843817399510257
